[{"model": "auth.permission", "pk": 1, "fields": {"name": "Can add log entry", "content_type": 1, "codename": "add_logentry"}}, {"model": "auth.permission", "pk": 2, "fields": {"name": "Can change log entry", "content_type": 1, "codename": "change_logentry"}}, {"model": "auth.permission", "pk": 3, "fields": {"name": "Can delete log entry", "content_type": 1, "codename": "delete_logentry"}}, {"model": "auth.permission", "pk": 4, "fields": {"name": "Can view log entry", "content_type": 1, "codename": "view_logentry"}}, {"model": "auth.permission", "pk": 5, "fields": {"name": "Can add permission", "content_type": 2, "codename": "add_permission"}}, {"model": "auth.permission", "pk": 6, "fields": {"name": "Can change permission", "content_type": 2, "codename": "change_permission"}}, {"model": "auth.permission", "pk": 7, "fields": {"name": "Can delete permission", "content_type": 2, "codename": "delete_permission"}}, {"model": "auth.permission", "pk": 8, "fields": {"name": "Can view permission", "content_type": 2, "codename": "view_permission"}}, {"model": "auth.permission", "pk": 9, "fields": {"name": "Can add group", "content_type": 3, "codename": "add_group"}}, {"model": "auth.permission", "pk": 10, "fields": {"name": "Can change group", "content_type": 3, "codename": "change_group"}}, {"model": "auth.permission", "pk": 11, "fields": {"name": "Can delete group", "content_type": 3, "codename": "delete_group"}}, {"model": "auth.permission", "pk": 12, "fields": {"name": "Can view group", "content_type": 3, "codename": "view_group"}}, {"model": "auth.permission", "pk": 13, "fields": {"name": "Can add user", "content_type": 4, "codename": "add_user"}}, {"model": "auth.permission", "pk": 14, "fields": {"name": "Can change user", "content_type": 4, "codename": "change_user"}}, {"model": "auth.permission", "pk": 15, "fields": {"name": "Can delete user", "content_type": 4, "codename": "delete_user"}}, {"model": "auth.permission", "pk": 16, "fields": {"name": "Can view user", "content_type": 4, "codename": "view_user"}}, {"model": "auth.permission", "pk": 17, "fields": {"name": "Can add content type", "content_type": 5, "codename": "add_contenttype"}}, {"model": "auth.permission", "pk": 18, "fields": {"name": "Can change content type", "content_type": 5, "codename": "change_contenttype"}}, {"model": "auth.permission", "pk": 19, "fields": {"name": "Can delete content type", "content_type": 5, "codename": "delete_contenttype"}}, {"model": "auth.permission", "pk": 20, "fields": {"name": "Can view content type", "content_type": 5, "codename": "view_contenttype"}}, {"model": "auth.permission", "pk": 21, "fields": {"name": "Can add session", "content_type": 6, "codename": "add_session"}}, {"model": "auth.permission", "pk": 22, "fields": {"name": "Can change session", "content_type": 6, "codename": "change_session"}}, {"model": "auth.permission", "pk": 23, "fields": {"name": "Can delete session", "content_type": 6, "codename": "delete_session"}}, {"model": "auth.permission", "pk": 24, "fields": {"name": "Can view session", "content_type": 6, "codename": "view_session"}}, {"model": "auth.permission", "pk": 25, "fields": {"name": "Can add doctor", "content_type": 7, "codename": "add_doctor"}}, {"model": "auth.permission", "pk": 26, "fields": {"name": "Can change doctor", "content_type": 7, "codename": "change_doctor"}}, {"model": "auth.permission", "pk": 27, "fields": {"name": "Can delete doctor", "content_type": 7, "codename": "delete_doctor"}}, {"model": "auth.permission", "pk": 28, "fields": {"name": "Can view doctor", "content_type": 7, "codename": "view_doctor"}}, {"model": "auth.permission", "pk": 29, "fields": {"name": "Can add patient", "content_type": 8, "codename": "add_patient"}}, {"model": "auth.permission", "pk": 30, "fields": {"name": "Can change patient", "content_type": 8, "codename": "change_patient"}}, {"model": "auth.permission", "pk": 31, "fields": {"name": "Can delete patient", "content_type": 8, "codename": "delete_patient"}}, {"model": "auth.permission", "pk": 32, "fields": {"name": "Can view patient", "content_type": 8, "codename": "view_patient"}}, {"model": "auth.permission", "pk": 33, "fields": {"name": "Can add clinic admin", "content_type": 9, "codename": "add_clinicadmin"}}, {"model": "auth.permission", "pk": 34, "fields": {"name": "Can change clinic admin", "content_type": 9, "codename": "change_clinicadmin"}}, {"model": "auth.permission", "pk": 35, "fields": {"name": "Can delete clinic admin", "content_type": 9, "codename": "delete_clinicadmin"}}, {"model": "auth.permission", "pk": 36, "fields": {"name": "Can view clinic admin", "content_type": 9, "codename": "view_clinicadmin"}}, {"model": "auth.permission", "pk": 37, "fields": {"name": "Can add schedule", "content_type": 10, "codename": "add_schedule"}}, {"model": "auth.permission", "pk": 38, "fields": {"name": "Can change schedule", "content_type": 10, "codename": "change_schedule"}}, {"model": "auth.permission", "pk": 39, "fields": {"name": "Can delete schedule", "content_type": 10, "codename": "delete_schedule"}}, {"model": "auth.permission", "pk": 40, "fields": {"name": "Can view schedule", "content_type": 10, "codename": "view_schedule"}}, {"model": "auth.permission", "pk": 41, "fields": {"name": "Can add appointment", "content_type": 11, "codename": "add_appointment"}}, {"model": "auth.permission", "pk": 42, "fields": {"name": "Can change appointment", "content_type": 11, "codename": "change_appointment"}}, {"model": "auth.permission", "pk": 43, "fields": {"name": "Can delete appointment", "content_type": 11, "codename": "delete_appointment"}}, {"model": "auth.permission", "pk": 44, "fields": {"name": "Can view appointment", "content_type": 11, "codename": "view_appointment"}}, {"model": "auth.permission", "pk": 45, "fields": {"name": "Can add appointment type", "content_type": 12, "codename": "add_appointmenttype"}}, {"model": "auth.permission", "pk": 46, "fields": {"name": "Can change appointment type", "content_type": 12, "codename": "change_appointmenttype"}}, {"model": "auth.permission", "pk": 47, "fields": {"name": "Can delete appointment type", "content_type": 12, "codename": "delete_appointmenttype"}}, {"model": "auth.permission", "pk": 48, "fields": {"name": "Can view appointment type", "content_type": 12, "codename": "view_appointmenttype"}}, {"model": "auth.permission", "pk": 49, "fields": {"name": "Can add clinic", "content_type": 13, "codename": "add_clinic"}}, {"model": "auth.permission", "pk": 50, "fields": {"name": "Can change clinic", "content_type": 13, "codename": "change_clinic"}}, {"model": "auth.permission", "pk": 51, "fields": {"name": "Can delete clinic", "content_type": 13, "codename": "delete_clinic"}}, {"model": "auth.permission", "pk": 52, "fields": {"name": "Can view clinic", "content_type": 13, "codename": "view_clinic"}}, {"model": "auth.permission", "pk": 53, "fields": {"name": "Can add clinic rating", "content_type": 14, "codename": "add_clinicrating"}}, {"model": "auth.permission", "pk": 54, "fields": {"name": "Can change clinic rating", "content_type": 14, "codename": "change_clinicrating"}}, {"model": "auth.permission", "pk": 55, "fields": {"name": "Can delete clinic rating", "content_type": 14, "codename": "delete_clinicrating"}}, {"model": "auth.permission", "pk": 56, "fields": {"name": "Can view clinic rating", "content_type": 14, "codename": "view_clinicrating"}}, {"model": "auth.permission", "pk": 57, "fields": {"name": "Can add doctor rating", "content_type": 15, "codename": "add_doctorrating"}}, {"model": "auth.permission", "pk": 58, "fields": {"name": "Can change doctor rating", "content_type": 15, "codename": "change_doctorrating"}}, {"model": "auth.permission", "pk": 59, "fields": {"name": "Can delete doctor rating", "content_type": 15, "codename": "delete_doctorrating"}}, {"model": "auth.permission", "pk": 60, "fields": {"name": "Can view doctor rating", "content_type": 15, "codename": "view_doctorrating"}}, {"model": "auth.permission", "pk": 61, "fields": {"name": "Can add health card", "content_type": 16, "codename": "add_healthcard"}}, {"model": "auth.permission", "pk": 62, "fields": {"name": "Can change health card", "content_type": 16, "codename": "change_healthcard"}}, {"model": "auth.permission", "pk": 63, "fields": {"name": "Can delete health card", "content_type": 16, "codename": "delete_healthcard"}}, {"model": "auth.permission", "pk": 64, "fields": {"name": "Can view health card", "content_type": 16, "codename": "view_healthcard"}}, {"model": "auth.permission", "pk": 65, "fields": {"name": "Can add operating room", "content_type": 17, "codename": "add_operatingroom"}}, {"model": "auth.permission", "pk": 66, "fields": {"name": "Can change operating room", "content_type": 17, "codename": "change_operatingroom"}}, {"model": "auth.permission", "pk": 67, "fields": {"name": "Can delete operating room", "content_type": 17, "codename": "delete_operatingroom"}}, {"model": "auth.permission", "pk": 68, "fields": {"name": "Can view operating room", "content_type": 17, "codename": "view_operatingroom"}}, {"model": "auth.permission", "pk": 69, "fields": {"name": "Can add price list", "content_type": 18, "codename": "add_pricelist"}}, {"model": "auth.permission", "pk": 70, "fields": {"name": "Can change price list", "content_type": 18, "codename": "change_pricelist"}}, {"model": "auth.permission", "pk": 71, "fields": {"name": "Can delete price list", "content_type": 18, "codename": "delete_pricelist"}}, {"model": "auth.permission", "pk": 72, "fields": {"name": "Can view price list", "content_type": 18, "codename": "view_pricelist"}}, {"model": "auth.permission", "pk": 73, "fields": {"name": "Can add specialization", "content_type": 19, "codename": "add_specialization"}}, {"model": "auth.permission", "pk": 74, "fields": {"name": "Can change specialization", "content_type": 19, "codename": "change_specialization"}}, {"model": "auth.permission", "pk": 75, "fields": {"name": "Can delete specialization", "content_type": 19, "codename": "delete_specialization"}}, {"model": "auth.permission", "pk": 76, "fields": {"name": "Can view specialization", "content_type": 19, "codename": "view_specialization"}}, {"model": "auth.permission", "pk": 77, "fields": {"name": "Can add profile", "content_type": 20, "codename": "add_profile"}}, {"model": "auth.permission", "pk": 78, "fields": {"name": "Can change profile", "content_type": 20, "codename": "change_profile"}}, {"model": "auth.permission", "pk": 79, "fields": {"name": "Can delete profile", "content_type": 20, "codename": "delete_profile"}}, {"model": "auth.permission", "pk": 80, "fields": {"name": "Can view profile", "content_type": 20, "codename": "view_profile"}}, {"model": "auth.permission", "pk": 81, "fields": {"name": "Can add request", "content_type": 21, "codename": "add_request"}}, {"model": "auth.permission", "pk": 82, "fields": {"name": "Can change request", "content_type": 21, "codename": "change_request"}}, {"model": "auth.permission", "pk": 83, "fields": {"name": "Can delete request", "content_type": 21, "codename": "delete_request"}}, {"model": "auth.permission", "pk": 84, "fields": {"name": "Can view request", "content_type": 21, "codename": "view_request"}}, {"model": "auth.permission", "pk": 85, "fields": {"name": "Can add response", "content_type": 22, "codename": "add_response"}}, {"model": "auth.permission", "pk": 86, "fields": {"name": "Can change response", "content_type": 22, "codename": "change_response"}}, {"model": "auth.permission", "pk": 87, "fields": {"name": "Can delete response", "content_type": 22, "codename": "delete_response"}}, {"model": "auth.permission", "pk": 88, "fields": {"name": "Can view response", "content_type": 22, "codename": "view_response"}}, {"model": "auth.permission", "pk": 89, "fields": {"name": "Can add sql query", "content_type": 23, "codename": "add_sqlquery"}}, {"model": "auth.permission", "pk": 90, "fields": {"name": "Can change sql query", "content_type": 23, "codename": "change_sqlquery"}}, {"model": "auth.permission", "pk": 91, "fields": {"name": "Can delete sql query", "content_type": 23, "codename": "delete_sqlquery"}}, {"model": "auth.permission", "pk": 92, "fields": {"name": "Can view sql query", "content_type": 23, "codename": "view_sqlquery"}}, {"model": "auth.permission", "pk": 93, "fields": {"name": "Can add nurse", "content_type": 24, "codename": "add_nurse"}}, {"model": "auth.permission", "pk": 94, "fields": {"name": "Can change nurse", "content_type": 24, "codename": "change_nurse"}}, {"model": "auth.permission", "pk": 95, "fields": {"name": "Can delete nurse", "content_type": 24, "codename": "delete_nurse"}}, {"model": "auth.permission", "pk": 96, "fields": {"name": "Can view nurse", "content_type": 24, "codename": "view_nurse"}}, {"model": "auth.permission", "pk": 97, "fields": {"name": "Can add holiday", "content_type": 25, "codename": "add_holiday"}}, {"model": "auth.permission", "pk": 98, "fields": {"name": "Can change holiday", "content_type": 25, "codename": "change_holiday"}}, {"model": "auth.permission", "pk": 99, "fields": {"name": "Can delete holiday", "content_type": 25, "codename": "delete_holiday"}}, {"model": "auth.permission", "pk": 100, "fields": {"name": "Can view holiday", "content_type": 25, "codename": "view_holiday"}}, {"model": "auth.permission", "pk": 101, "fields": {"name": "Can add operation", "content_type": 26, "codename": "add_operation"}}, {"model": "auth.permission", "pk": 102, "fields": {"name": "Can change operation", "content_type": 26, "codename": "change_operation"}}, {"model": "auth.permission", "pk": 103, "fields": {"name": "Can delete operation", "content_type": 26, "codename": "delete_operation"}}, {"model": "auth.permission", "pk": 104, "fields": {"name": "Can view operation", "content_type": 26, "codename": "view_operation"}}, {"model": "auth.permission", "pk": 105, "fields": {"name": "Can add appointment report", "content_type": 27, "codename": "add_appointmentreport"}}, {"model": "auth.permission", "pk": 106, "fields": {"name": "Can change appointment report", "content_type": 27, "codename": "change_appointmentreport"}}, {"model": "auth.permission", "pk": 107, "fields": {"name": "Can delete appointment report", "content_type": 27, "codename": "delete_appointmentreport"}}, {"model": "auth.permission", "pk": 108, "fields": {"name": "Can view appointment report", "content_type": 27, "codename": "view_appointmentreport"}}, {"model": "auth.permission", "pk": 109, "fields": {"name": "Can add diagnosis", "content_type": 28, "codename": "add_diagnosis"}}, {"model": "auth.permission", "pk": 110, "fields": {"name": "Can change diagnosis", "content_type": 28, "codename": "change_diagnosis"}}, {"model": "auth.permission", "pk": 111, "fields": {"name": "Can delete diagnosis", "content_type": 28, "codename": "delete_diagnosis"}}, {"model": "auth.permission", "pk": 112, "fields": {"name": "Can view diagnosis", "content_type": 28, "codename": "view_diagnosis"}}, {"model": "auth.user", "pk": 1, "fields": {"password": "pbkdf2_sha256$180000$tGCm47jWZCLw$pnrQTqARnEseK0fet8rOAc3tqzyTbIsgvk3aeG4zmrM=", "last_login": "2020-06-08T13:05:49.074Z", "is_superuser": true, "username": "admin", "first_name": "", "last_name": "", "email": "admin@admin.com", "is_staff": true, "is_active": true, "date_joined": "2020-05-18T18:23:47.286Z", "groups": [], "user_permissions": []}}, {"model": "auth.user", "pk": 2, "fields": {"password": "pbkdf2_sha256$180000$qiQevIrg2HQr$NJFpVu87K/lZA9YiPdAryttBxNASXrz+2OLQH4zc2as=", "last_login": null, "is_superuser": false, "username": "mitar", "first_name": "", "last_name": "", "email": "perovicmitar@gmail.com", "is_staff": false, "is_active": true, "date_joined": "2020-05-18T18:31:31Z", "groups": [], "user_permissions": []}}, {"model": "auth.user", "pk": 3, "fields": {"password": "pbkdf2_sha256$180000$EOGWiCjb05XO$TMzH2Qn8Vgay6vdKSGEoj2gIEUSFZyRCX51eRvBdnCY=", "last_login": null, "is_superuser": false, "username": "milena", "first_name": "", "last_name": "", "email": "laketic.milena98@gmail.com", "is_staff": false, "is_active": true, "date_joined": "2020-05-18T18:34:15Z", "groups": [], "user_permissions": []}}, {"model": "auth.user", "pk": 4, "fields": {"password": "pbkdf2_sha256$180000$Iaf24Te4ZCNf$KcUuR33tAlb09ooaadWmc9iSrqbS8E2xEdIgfG+PnOo=", "last_login": null, "is_superuser": false, "username": "marko", "first_name": "", "last_name": "", "email": "marko@marko.com", "is_staff": false, "is_active": true, "date_joined": "2020-05-18T18:35:47Z", "groups": [], "user_permissions": []}}, {"model": "auth.user", "pk": 5, "fields": {"password": "pbkdf2_sha256$180000$QaO5I11iGGNH$u0tmsc1cXuUv7aitIjJy7rTuYnw4hVCAMcR4URezCYo=", "last_login": null, "is_superuser": false, "username": "zvonko@gmail.com", "first_name": "", "last_name": "", "email": "zvonko@gmail.com", "is_staff": false, "is_active": true, "date_joined": "2020-05-19T09:51:02.604Z", "groups": [], "user_permissions": []}}, {"model": "auth.user", "pk": 6, "fields": {"password": "pbkdf2_sha256$180000$14VvMXTrfLP6$LS2wOsf9lqje7UXOijK3MmUO5Hm+aMiToB66POZGj+Y=", "last_login": null, "is_superuser": false, "username": "mile", "first_name": "", "last_name": "", "email": "", "is_staff": false, "is_active": true, "date_joined": "2020-05-19T14:15:23.426Z", "groups": [], "user_permissions": []}}, {"model": "users.patient", "pk": "perovicmitar@gmail.com", "fields": {"user": 2, "firstName": "Mitar", "lastName": "Perovic", "policyNumber": "2323", "password": "MRS12345", "address": "Iva Vizina", "city": "Podgorica", "country": "Montenegro", "phoneNumber": 68359074, "activation_link": "AS2321E#", "approved": true}}, {"model": "users.clinicadmin", "pk": "laketic.milena98@gmail.com", "fields": {"employedAt": 1, "user": 3, "firstName": "Milena", "lastName": "Laketic", "password": "MRS12345", "address": "Rumenacka 33", "city": "Ruma", "country": "Serbia", "phoneNumber": 2321321, "changedPass": false}}, {"model": "users.doctor", "pk": "marko@marko.com", "fields": {"employedAt": 1, "user": 4, "firstName": "Marko", "lastName": "Cvijanovic", "password": "MRS123545", "address": "Neznanka 2", "city": "Novi Sad", "country": "Serbia", "phoneNumber": 2321, "changedPass": false}}, {"model": "users.doctor", "pk": "mile@com.com", "fields": {"employedAt": 2, "user": 6, "firstName": "Milutin", "lastName": "Milanovic", "password": "MRS12345", "address": "Irwine 43", "city": "Kansas City", "country": "USA", "phoneNumber": 2312, "changedPass": false}}, {"model": "users.schedule", "pk": 1, "fields": {"employee": "marko@marko.com", "day": 0, "startTime": "08:00:00", "endTime": "16:00:00"}}, {"model": "users.schedule", "pk": 2, "fields": {"employee": "marko@marko.com", "day": 1, "startTime": "08:00:00", "endTime": "16:00:00"}}, {"model": "users.schedule", "pk": 3, "fields": {"employee": "marko@marko.com", "day": 2, "startTime": "08:00:00", "endTime": "16:00:00"}}, {"model": "users.schedule", "pk": 4, "fields": {"employee": "marko@marko.com", "day": 3, "startTime": "08:00:00", "endTime": "16:00:00"}}, {"model": "users.schedule", "pk": 5, "fields": {"employee": "marko@marko.com", "day": 4, "startTime": "08:00:00", "endTime": "16:00:00"}}, {"model": "users.schedule", "pk": 6, "fields": {"employee": "mile@com.com", "day": 0, "startTime": "08:00:00", "endTime": "16:00:00"}}, {"model": "users.schedule", "pk": 7, "fields": {"employee": "mile@com.com", "day": 1, "startTime": "08:00:00", "endTime": "16:00:00"}}, {"model": "users.schedule", "pk": 8, "fields": {"employee": "mile@com.com", "day": 2, "startTime": "08:00:00", "endTime": "14:00:00"}}, {"model": "users.schedule", "pk": 9, "fields": {"employee": "mile@com.com", "day": 3, "startTime": "09:00:00", "endTime": "18:00:00"}}, {"model": "users.schedule", "pk": 10, "fields": {"employee": "mile@com.com", "day": 4, "startTime": "08:00:00", "endTime": "16:00:00"}}, {"model": "clinics.clinic", "pk": 1, "fields": {"name": "John Hopkins", "address": "15208 West 119th Street", "city": "Olathe", "country": "United States", "description": "The first med clinic in USA!"}}, {"model": "clinics.clinic", "pk": 2, "fields": {"name": "Medlins", "address": "420 L Street", "city": "Anchorage, Alaska", "country": "United States", "description": "The most reliable clinic in Alaska! Try us out..."}}, {"model": "clinics.operatingroom", "pk": 1, "fields": {"clinic": 1, "name": "Avangard", "number": 13}}, {"model": "clinics.operatingroom", "pk": 2, "fields": {"clinic": 2, "name": "The Great", "number": 1}}, {"model": "clinics.operatingroom", "pk": 3, "fields": {"clinic": 1, "name": "Stoic Hall", "number": 5}}, {"model": "clinics.appointmenttype", "pk": 1, "fields": {"typeName": "Heart EKG Scanning", "duration": 60, "clinic": 1}}, {"model": "clinics.appointmenttype", "pk": 2, "fields": {"typeName": "Lungs MR Scanning", "duration": 45, "clinic": 1}}, {"model": "clinics.appointmenttype", "pk": 3, "fields": {"typeName": "Heart EKG Scanning", "duration": 45, "clinic": 2}}, {"model": "clinics.appointmenttype", "pk": 4, "fields": {"typeName": "Eye Pressure", "duration": 30, "clinic": 1}}, {"model": "clinics.specialization", "pk": 1, "fields": {"typeOf": 1, "doctor": "marko@marko.com"}}, {"model": "clinics.specialization", "pk": 2, "fields": {"typeOf": 1, "doctor": "mile@com.com"}}, {"model": "clinics.specialization", "pk": 3, "fields": {"typeOf": 2, "doctor": "marko@marko.com"}}, {"model": "clinics.specialization", "pk": 4, "fields": {"typeOf": 4, "doctor": "mile@com.com"}}, {"model": "clinics.pricelist", "pk": 1, "fields": {"clinic": 1, "appointmentType": 1, "price": 220.0}}, {"model": "clinics.pricelist", "pk": 2, "fields": {"clinic": 1, "appointmentType": 2, "price": 160.0}}, {"model": "clinics.pricelist", "pk": 3, "fields": {"clinic": 2, "appointmentType": 3, "price": 225.0}}, {"model": "clinics.pricelist", "pk": 4, "fields": {"clinic": 1, "appointmentType": 4, "price": 55.0}}, {"model": "clinics.appointment", "pk": 1, "fields": {"clinic": 1, "date": "2020-05-19", "time": "08:00:00", "typeOf": 1, "discount": 0, "doctor": "marko@marko.com", "operatingRoom": null, "patient": "perovicmitar@gmail.com", "created": null}}, {"model": "clinics.appointment", "pk": 2, "fields": {"clinic": 1, "date": "2020-05-19", "time": "12:00:00", "typeOf": 1, "discount": 0, "doctor": "marko@marko.com", "operatingRoom": null, "patient": "perovicmitar@gmail.com", "created": null}}, {"model": "clinics.appointment", "pk": 3, "fields": {"clinic": 1, "date": "2020-05-19", "time": "11:15:00", "typeOf": 2, "discount": 0, "doctor": "marko@marko.com", "operatingRoom": null, "patient": "perovicmitar@gmail.com", "created": null}}, {"model": "clinics.appointment", "pk": 4, "fields": {"clinic": 1, "date": "2020-05-19", "time": "15:00:00", "typeOf": 1, "discount": 0, "doctor": "marko@marko.com", "operatingRoom": null, "patient": "perovicmitar@gmail.com", "created": null}}, {"model": "clinics.appointment", "pk": 5, "fields": {"clinic": 2, "date": "2020-05-19", "time": "11:00:00", "typeOf": 1, "discount": 0, "doctor": "mile@com.com", "operatingRoom": null, "patient": "perovicmitar@gmail.com", "created": null}}, {"model": "clinics.appointment", "pk": 6, "fields": {"clinic": 1, "date": "2020-05-22", "time": "11:00:00", "typeOf": 1, "discount": 0, "doctor": "marko@marko.com", "operatingRoom": null, "patient": "perovicmitar@gmail.com", "created": null}}, {"model": "clinics.appointment", "pk": 7, "fields": {"clinic": 1, "date": "2020-05-22", "time": "15:00:00", "typeOf": 1, "discount": 0, "doctor": "marko@marko.com", "operatingRoom": null, "patient": "perovicmitar@gmail.com", "created": null}}, {"model": "clinics.appointment", "pk": 8, "fields": {"clinic": 1, "date": "2020-06-09", "time": "10:15:00", "typeOf": 2, "discount": 0, "doctor": "marko@marko.com", "operatingRoom": null, "patient": "perovicmitar@gmail.com", "created": null}}, {"model": "clinics.appointment", "pk": 9, "fields": {"clinic": 1, "date": "2020-06-27", "time": "12:00:00", "typeOf": 1, "discount": 10, "doctor": "marko@marko.com", "operatingRoom": 1, "patient": null, "created": "2020-06-09"}}, {"model": "clinics.appointment", "pk": 10, "fields": {"clinic": 2, "date": "2020-06-25", "time": "11:00:00", "typeOf": 3, "discount": 0, "doctor": "mile@com.com", "operatingRoom": 2, "patient": null, "created": "2020-06-09"}}, {"model": "clinics.doctorrating", "pk": 1, "fields": {"doctor": "marko@marko.com", "patient": "perovicmitar@gmail.com", "rating": 4}}, {"model": "clinics.doctorrating", "pk": 2, "fields": {"doctor": "mile@com.com", "patient": "perovicmitar@gmail.com", "rating": 1}}, {"model": "clinics.clinicrating", "pk": 2, "fields": {"clinic": 2, "patient": "perovicmitar@gmail.com", "rating": 3}}, {"model": "clinics.clinicrating", "pk": 3, "fields": {"clinic": 1, "patient": "perovicmitar@gmail.com", "rating": 5}}, {"model": "clinics.holiday", "pk": 1, "fields": {"employee": 4, "startDate": "2020-07-16", "endDate": "2020-07-23", "approved": false, "resolved": false}}, {"model": "clinics.holiday", "pk": 2, "fields": {"employee": 6, "startDate": "2020-06-16", "endDate": "2020-06-30", "approved": true, "resolved": true}}, {"model": "clinics.operation", "pk": 1, "fields": {"clinic": 1, "date": "2020-06-08", "time": "13:15:00", "duration": 120, "operatingRoom": 3, "patient": "perovicmitar@gmail.com", "doctors": ["marko@marko.com", "mile@com.com"]}}, {"model": "admin.logentry", "pk": 1, "fields": {"action_time": "2020-05-18T18:31:32.250Z", "user": 1, "content_type": 4, "object_id": "2", "object_repr": "mitar", "action_flag": 1, "change_message": "[{\"added\": {}}]"}}, {"model": "admin.logentry", "pk": 2, "fields": {"action_time": "2020-05-18T18:33:07.431Z", "user": 1, "content_type": 8, "object_id": "perovicmitar@gmail.com", "object_repr": "Mitar Perovic", "action_flag": 1, "change_message": "[{\"added\": {}}]"}}, {"model": "admin.logentry", "pk": 3, "fields": {"action_time": "2020-05-18T18:34:01.701Z", "user": 1, "content_type": 13, "object_id": "1", "object_repr": "John Hopkins", "action_flag": 1, "change_message": "[{\"added\": {}}]"}}, {"model": "admin.logentry", "pk": 4, "fields": {"action_time": "2020-05-18T18:34:15.768Z", "user": 1, "content_type": 4, "object_id": "3", "object_repr": "milena", "action_flag": 1, "change_message": "[{\"added\": {}}]"}}, {"model": "admin.logentry", "pk": 5, "fields": {"action_time": "2020-05-18T18:34:54.801Z", "user": 1, "content_type": 9, "object_id": "perovicmitar@gmail.com", "object_repr": "Milena Laketic", "action_flag": 1, "change_message": "[{\"added\": {}}]"}}, {"model": "admin.logentry", "pk": 6, "fields": {"action_time": "2020-05-18T18:35:47.525Z", "user": 1, "content_type": 4, "object_id": "4", "object_repr": "marko", "action_flag": 1, "change_message": "[{\"added\": {}}]"}}, {"model": "admin.logentry", "pk": 7, "fields": {"action_time": "2020-05-18T18:36:05.555Z", "user": 1, "content_type": 7, "object_id": "marko@marko.com", "object_repr": "Marko Cvijanovic", "action_flag": 1, "change_message": "[{\"added\": {}}]"}}, {"model": "admin.logentry", "pk": 8, "fields": {"action_time": "2020-05-19T09:45:15.425Z", "user": 1, "content_type": 15, "object_id": "1", "object_repr": "Mitar Perovic Marko 4", "action_flag": 1, "change_message": "[{\"added\": {}}]"}}, {"model": "admin.logentry", "pk": 9, "fields": {"action_time": "2020-05-19T09:46:12.818Z", "user": 1, "content_type": 14, "object_id": "1", "object_repr": "Mitar Perovic John Hopkins 5", "action_flag": 1, "change_message": "[{\"added\": {}}]"}}, {"model": "admin.logentry", "pk": 10, "fields": {"action_time": "2020-05-19T09:46:29.727Z", "user": 1, "content_type": 12, "object_id": "1", "object_repr": "Heart EKG Scanning", "action_flag": 1, "change_message": "[{\"added\": {}}]"}}, {"model": "admin.logentry", "pk": 11, "fields": {"action_time": "2020-05-19T09:46:43.863Z", "user": 1, "content_type": 12, "object_id": "2", "object_repr": "Lungs MR Scanning", "action_flag": 1, "change_message": "[{\"added\": {}}]"}}, {"model": "admin.logentry", "pk": 12, "fields": {"action_time": "2020-05-19T09:46:56.351Z", "user": 1, "content_type": 18, "object_id": "1", "object_repr": "220.0", "action_flag": 1, "change_message": "[{\"added\": {}}]"}}, {"model": "admin.logentry", "pk": 13, "fields": {"action_time": "2020-05-19T09:47:02.571Z", "user": 1, "content_type": 18, "object_id": "2", "object_repr": "160.0", "action_flag": 1, "change_message": "[{\"added\": {}}]"}}, {"model": "admin.logentry", "pk": 14, "fields": {"action_time": "2020-05-19T09:47:13.152Z", "user": 1, "content_type": 19, "object_id": "1", "object_repr": "Marko Cvijanovic Heart EKG Scanning", "action_flag": 1, "change_message": "[{\"added\": {}}]"}}, {"model": "admin.logentry", "pk": 15, "fields": {"action_time": "2020-05-19T09:52:20.444Z", "user": 1, "content_type": 10, "object_id": "1", "object_repr": "Marko Cvijanovic 0 08:00:00 16:00:00", "action_flag": 1, "change_message": "[{\"added\": {}}]"}}, {"model": "admin.logentry", "pk": 16, "fields": {"action_time": "2020-05-19T09:52:25.761Z", "user": 1, "content_type": 10, "object_id": "2", "object_repr": "Marko Cvijanovic 1 08:00:00 16:00:00", "action_flag": 1, "change_message": "[{\"added\": {}}]"}}, {"model": "admin.logentry", "pk": 17, "fields": {"action_time": "2020-05-19T09:52:32.058Z", "user": 1, "content_type": 10, "object_id": "3", "object_repr": "Marko Cvijanovic 2 08:00:00 16:00:00", "action_flag": 1, "change_message": "[{\"added\": {}}]"}}, {"model": "admin.logentry", "pk": 18, "fields": {"action_time": "2020-05-19T09:52:39.001Z", "user": 1, "content_type": 10, "object_id": "4", "object_repr": "Marko Cvijanovic 3 08:00:00 16:00:00", "action_flag": 1, "change_message": "[{\"added\": {}}]"}}, {"model": "admin.logentry", "pk": 19, "fields": {"action_time": "2020-05-19T09:52:46.138Z", "user": 1, "content_type": 10, "object_id": "5", "object_repr": "Marko Cvijanovic 4 08:00:00 16:00:00", "action_flag": 1, "change_message": "[{\"added\": {}}]"}}, {"model": "admin.logentry", "pk": 20, "fields": {"action_time": "2020-05-19T14:15:23.978Z", "user": 1, "content_type": 4, "object_id": "6", "object_repr": "mile", "action_flag": 1, "change_message": "[{\"added\": {}}]"}}, {"model": "admin.logentry", "pk": 21, "fields": {"action_time": "2020-05-19T14:15:52.229Z", "user": 1, "content_type": 7, "object_id": "mile@com.com", "object_repr": "Milutin Milanovic", "action_flag": 1, "change_message": "[{\"added\": {}}]"}}, {"model": "admin.logentry", "pk": 22, "fields": {"action_time": "2020-05-19T14:16:13.014Z", "user": 1, "content_type": 10, "object_id": "6", "object_repr": "Milutin Milanovic 1 08:00:00 16:00:00", "action_flag": 1, "change_message": "[{\"added\": {}}]"}}, {"model": "admin.logentry", "pk": 23, "fields": {"action_time": "2020-05-19T14:16:24.761Z", "user": 1, "content_type": 19, "object_id": "2", "object_repr": "Milutin Milanovic Heart EKG Scanning", "action_flag": 1, "change_message": "[{\"added\": {}}]"}}, {"model": "admin.logentry", "pk": 24, "fields": {"action_time": "2020-05-19T14:16:29.033Z", "user": 1, "content_type": 19, "object_id": "3", "object_repr": "Marko Cvijanovic Lungs MR Scanning", "action_flag": 1, "change_message": "[{\"added\": {}}]"}}, {"model": "admin.logentry", "pk": 25, "fields": {"action_time": "2020-05-19T16:17:02.231Z", "user": 1, "content_type": 13, "object_id": "2", "object_repr": "Medlins", "action_flag": 1, "change_message": "[{\"added\": {}}]"}}, {"model": "admin.logentry", "pk": 26, "fields": {"action_time": "2020-05-19T16:17:29.370Z", "user": 1, "content_type": 12, "object_id": "3", "object_repr": "Heart EKG Scanning", "action_flag": 1, "change_message": "[{\"added\": {}}]"}}, {"model": "admin.logentry", "pk": 27, "fields": {"action_time": "2020-05-19T16:18:09.000Z", "user": 1, "content_type": 18, "object_id": "3", "object_repr": "225.0", "action_flag": 1, "change_message": "[{\"added\": {}}]"}}, {"model": "admin.logentry", "pk": 28, "fields": {"action_time": "2020-05-19T16:36:26.315Z", "user": 1, "content_type": 18, "object_id": "3", "object_repr": "225.0", "action_flag": 2, "change_message": "[{\"changed\": {\"fields\": [\"AppointmentType\"]}}]"}}, {"model": "admin.logentry", "pk": 29, "fields": {"action_time": "2020-05-19T17:07:08.196Z", "user": 1, "content_type": 7, "object_id": "mile@com.com", "object_repr": "Milutin Milanovic", "action_flag": 2, "change_message": "[{\"changed\": {\"fields\": [\"EmployedAt\"]}}]"}}, {"model": "admin.logentry", "pk": 30, "fields": {"action_time": "2020-06-08T13:08:49.058Z", "user": 1, "content_type": 9, "object_id": "perovicmitar@gmail.com", "object_repr": "Milena Laketic", "action_flag": 3, "change_message": ""}}, {"model": "admin.logentry", "pk": 31, "fields": {"action_time": "2020-06-08T13:09:20.477Z", "user": 1, "content_type": 9, "object_id": "milenalolol23@gmail.com", "object_repr": "Milena Laketic", "action_flag": 1, "change_message": "[{\"added\": {}}]"}}, {"model": "admin.logentry", "pk": 32, "fields": {"action_time": "2020-06-08T13:09:46.078Z", "user": 1, "content_type": 7, "object_id": "marko@marko.com", "object_repr": "Marko Cvijanovic", "action_flag": 2, "change_message": "[{\"changed\": {\"fields\": [\"Address\", \"City\", \"Country\"]}}]"}}, {"model": "admin.logentry", "pk": 33, "fields": {"action_time": "2020-06-08T13:10:05.868Z", "user": 1, "content_type": 7, "object_id": "mile@com.com", "object_repr": "Milutin Milanovic", "action_flag": 2, "change_message": "[{\"changed\": {\"fields\": [\"Address\", \"City\"]}}]"}}, {"model": "admin.logentry", "pk": 34, "fields": {"action_time": "2020-06-08T13:10:31.193Z", "user": 1, "content_type": 10, "object_id": "6", "object_repr": "Milutin Milanovic 0 08:00:00 16:00:00", "action_flag": 2, "change_message": "[{\"changed\": {\"fields\": [\"Day\"]}}]"}}, {"model": "admin.logentry", "pk": 35, "fields": {"action_time": "2020-06-08T13:10:38.792Z", "user": 1, "content_type": 10, "object_id": "7", "object_repr": "Milutin Milanovic 1 08:00:00 16:00:00", "action_flag": 1, "change_message": "[{\"added\": {}}]"}}, {"model": "admin.logentry", "pk": 36, "fields": {"action_time": "2020-06-08T13:10:48.379Z", "user": 1, "content_type": 10, "object_id": "8", "object_repr": "Milutin Milanovic 2 08:00:00 14:00:00", "action_flag": 1, "change_message": "[{\"added\": {}}]"}}, {"model": "admin.logentry", "pk": 37, "fields": {"action_time": "2020-06-08T13:11:01.697Z", "user": 1, "content_type": 10, "object_id": "9", "object_repr": "Milutin Milanovic 3 09:00:00 18:00:00", "action_flag": 1, "change_message": "[{\"added\": {}}]"}}, {"model": "admin.logentry", "pk": 38, "fields": {"action_time": "2020-06-08T13:11:17.714Z", "user": 1, "content_type": 10, "object_id": "10", "object_repr": "Milutin Milanovic 4 08:00:00 16:00:00", "action_flag": 1, "change_message": "[{\"added\": {}}]"}}, {"model": "admin.logentry", "pk": 39, "fields": {"action_time": "2020-06-08T13:11:52.934Z", "user": 1, "content_type": 12, "object_id": "4", "object_repr": "Eye Pressure", "action_flag": 1, "change_message": "[{\"added\": {}}]"}}, {"model": "admin.logentry", "pk": 40, "fields": {"action_time": "2020-06-08T13:12:09.131Z", "user": 1, "content_type": 18, "object_id": "4", "object_repr": "55.0", "action_flag": 1, "change_message": "[{\"added\": {}}]"}}, {"model": "admin.logentry", "pk": 41, "fields": {"action_time": "2020-06-08T13:12:34.677Z", "user": 1, "content_type": 19, "object_id": "4", "object_repr": "Milutin Milanovic Eye Pressure", "action_flag": 1, "change_message": "[{\"added\": {}}]"}}, {"model": "admin.logentry", "pk": 42, "fields": {"action_time": "2020-06-08T13:14:07.423Z", "user": 1, "content_type": 17, "object_id": "1", "object_repr": "Avangard 13", "action_flag": 1, "change_message": "[{\"added\": {}}]"}}, {"model": "admin.logentry", "pk": 43, "fields": {"action_time": "2020-06-08T13:14:26.393Z", "user": 1, "content_type": 17, "object_id": "2", "object_repr": "The Great 1", "action_flag": 1, "change_message": "[{\"added\": {}}]"}}, {"model": "admin.logentry", "pk": 44, "fields": {"action_time": "2020-06-08T13:14:40.838Z", "user": 1, "content_type": 17, "object_id": "3", "object_repr": "Stoic Hall 5", "action_flag": 1, "change_message": "[{\"added\": {}}]"}}, {"model": "admin.logentry", "pk": 45, "fields": {"action_time": "2020-06-08T13:14:46.338Z", "user": 1, "content_type": 26, "object_id": "1", "object_repr": "Mitar Perovic Stoic Hall 5", "action_flag": 1, "change_message": "[{\"added\": {}}]"}}, {"model": "admin.logentry", "pk": 46, "fields": {"action_time": "2020-06-08T13:28:59.083Z", "user": 1, "content_type": 13, "object_id": "1", "object_repr": "John Hopkins", "action_flag": 2, "change_message": "[{\"changed\": {\"fields\": [\"Address\", \"City\"]}}]"}}, {"model": "admin.logentry", "pk": 47, "fields": {"action_time": "2020-06-08T13:29:18.765Z", "user": 1, "content_type": 13, "object_id": "2", "object_repr": "Medlins", "action_flag": 2, "change_message": "[{\"changed\": {\"fields\": [\"Address\", \"City\"]}}]"}}, {"model": "admin.logentry", "pk": 48, "fields": {"action_time": "2020-06-09T11:10:37.025Z", "user": 1, "content_type": 14, "object_id": "1", "object_repr": "Mitar Perovic John Hopkins 5", "action_flag": 3, "change_message": ""}}, {"model": "admin.logentry", "pk": 49, "fields": {"action_time": "2020-06-09T13:40:36.534Z", "user": 1, "content_type": 4, "object_id": "4", "object_repr": "marko", "action_flag": 2, "change_message": "[{\"changed\": {\"fields\": [\"Email address\"]}}]"}}, {"model": "admin.logentry", "pk": 50, "fields": {"action_time": "2020-06-09T13:41:38.820Z", "user": 1, "content_type": 4, "object_id": "3", "object_repr": "milena", "action_flag": 2, "change_message": "[{\"changed\": {\"fields\": [\"Email address\"]}}]"}}, {"model": "admin.logentry", "pk": 51, "fields": {"action_time": "2020-06-09T13:42:08.624Z", "user": 1, "content_type": 9, "object_id": "milenalolol23@gmail.com", "object_repr": "Milena Laketic", "action_flag": 3, "change_message": ""}}, {"model": "admin.logentry", "pk": 52, "fields": {"action_time": "2020-06-09T13:42:34.025Z", "user": 1, "content_type": 9, "object_id": "laketic.milena98@gmail.com", "object_repr": "Milena Laketic", "action_flag": 1, "change_message": "[{\"added\": {}}]"}}, {"model": "admin.logentry", "pk": 53, "fields": {"action_time": "2020-06-09T13:47:08.814Z", "user": 1, "content_type": 25, "object_id": "1", "object_repr": "marko False False", "action_flag": 1, "change_message": "[{\"added\": {}}]"}}, {"model": "admin.logentry", "pk": 54, "fields": {"action_time": "2020-06-09T13:49:23.348Z", "user": 1, "content_type": 25, "object_id": "2", "object_repr": "mile True True", "action_flag": 1, "change_message": "[{\"added\": {}}]"}}, {"model": "admin.logentry", "pk": 55, "fields": {"action_time": "2020-06-09T13:56:08.487Z", "user": 1, "content_type": 11, "object_id": "9", "object_repr": "John Hopkins - Heart EKG Scanning - 2020-06-27 : 12:00:00, Avangard 13", "action_flag": 1, "change_message": "[{\"added\": {}}]"}}, {"model": "admin.logentry", "pk": 56, "fields": {"action_time": "2020-06-09T13:56:21.545Z", "user": 1, "content_type": 11, "object_id": "9", "object_repr": "John Hopkins - Heart EKG Scanning - 2020-06-27 : 12:00:00, Avangard 13", "action_flag": 2, "change_message": "[]"}}, {"model": "admin.logentry", "pk": 57, "fields": {"action_time": "2020-06-09T13:56:58.901Z", "user": 1, "content_type": 11, "object_id": "10", "object_repr": "Medlins - Heart EKG Scanning - 2020-06-25 : 11:00:00, The Great 1", "action_flag": 1, "change_message": "[{\"added\": {}}]"}}, {"model": "admin.logentry", "pk": 58, "fields": {"action_time": "2020-06-09T13:57:23.676Z", "user": 1, "content_type": 4, "object_id": "2", "object_repr": "mitar", "action_flag": 2, "change_message": "[{\"changed\": {\"fields\": [\"Email address\"]}}]"}}]