[{"model": "auth.user", "pk": 1, "fields": {"password": "pbkdf2_sha256$180000$tGCm47jWZCLw$pnrQTqARnEseK0fet8rOAc3tqzyTbIsgvk3aeG4zmrM=", "last_login": "2020-06-08T13:05:49.074Z", "is_superuser": true, "username": "admin", "first_name": "", "last_name": "", "email": "admin@admin.com", "is_staff": true, "is_active": true, "date_joined": "2020-05-18T18:23:47.286Z", "groups": [], "user_permissions": []}}, {"model": "auth.user", "pk": 2, "fields": {"password": "pbkdf2_sha256$180000$dgfFN2AKsG0g$bQWFhzFtWXAIN9h0k/VGAS48luQ8mE36wuC+IEun/Jc=", "last_login": null, "is_superuser": false, "username": "perovicmitar@gmail.com", "first_name": "", "last_name": "", "email": "perovicmitar@gmail.com", "is_staff": false, "is_active": true, "date_joined": "2020-05-18T18:31:31Z", "groups": [], "user_permissions": []}}, {"model": "auth.user", "pk": 3, "fields": {"password": "pbkdf2_sha256$180000$EOGWiCjb05XO$TMzH2Qn8Vgay6vdKSGEoj2gIEUSFZyRCX51eRvBdnCY=", "last_login": null, "is_superuser": false, "username": "laketic.milena98@gmail.com", "first_name": "", "last_name": "", "email": "laketic.milena98@gmail.com", "is_staff": false, "is_active": true, "date_joined": "2020-05-18T18:34:15Z", "groups": [], "user_permissions": []}}, {"model": "auth.user", "pk": 4, "fields": {"password": "pbkdf2_sha256$180000$Iaf24Te4ZCNf$KcUuR33tAlb09ooaadWmc9iSrqbS8E2xEdIgfG+PnOo=", "last_login": null, "is_superuser": false, "username": "marko@marko.com", "first_name": "", "last_name": "", "email": "marko@marko.com", "is_staff": false, "is_active": true, "date_joined": "2020-05-18T18:35:47Z", "groups": [], "user_permissions": []}}, {"model": "auth.user", "pk": 5, "fields": {"password": "pbkdf2_sha256$180000$QaO5I11iGGNH$u0tmsc1cXuUv7aitIjJy7rTuYnw4hVCAMcR4URezCYo=", "last_login": null, "is_superuser": false, "username": "zvonko@gmail.com", "first_name": "", "last_name": "", "email": "zvonko@gmail.com", "is_staff": false, "is_active": true, "date_joined": "2020-05-19T09:51:02.604Z", "groups": [], "user_permissions": []}}, {"model": "auth.user", "pk": 6, "fields": {"password": "pbkdf2_sha256$180000$14VvMXTrfLP6$LS2wOsf9lqje7UXOijK3MmUO5Hm+aMiToB66POZGj+Y=", "last_login": null, "is_superuser": false, "username": "mile", "first_name": "", "last_name": "", "email": "", "is_staff": false, "is_active": true, "date_joined": "2020-05-19T14:15:23.426Z", "groups": [], "user_permissions": []}}, {"model": "admin.logentry", "pk": 1, "fields": {"action_time": "2020-05-18T18:31:32.250Z", "user": 1, "content_type": 4, "object_id": "2", "object_repr": "mitar", "action_flag": 1, "change_message": "[{\"added\": {}}]"}}, {"model": "admin.logentry", "pk": 2, "fields": {"action_time": "2020-05-18T18:33:07.431Z", "user": 1, "content_type": 8, "object_id": "perovicmitar@gmail.com", "object_repr": "Mitar Perovic", "action_flag": 1, "change_message": "[{\"added\": {}}]"}}, {"model": "admin.logentry", "pk": 3, "fields": {"action_time": "2020-05-18T18:34:01.701Z", "user": 1, "content_type": 13, "object_id": "1", "object_repr": "John Hopkins", "action_flag": 1, "change_message": "[{\"added\": {}}]"}}, {"model": "admin.logentry", "pk": 4, "fields": {"action_time": "2020-05-18T18:34:15.768Z", "user": 1, "content_type": 4, "object_id": "3", "object_repr": "milena", "action_flag": 1, "change_message": "[{\"added\": {}}]"}}, {"model": "admin.logentry", "pk": 5, "fields": {"action_time": "2020-05-18T18:34:54.801Z", "user": 1, "content_type": 9, "object_id": "perovicmitar@gmail.com", "object_repr": "Milena Laketic", "action_flag": 1, "change_message": "[{\"added\": {}}]"}}, {"model": "admin.logentry", "pk": 6, "fields": {"action_time": "2020-05-18T18:35:47.525Z", "user": 1, "content_type": 4, "object_id": "4", "object_repr": "marko", "action_flag": 1, "change_message": "[{\"added\": {}}]"}}, {"model": "admin.logentry", "pk": 7, "fields": {"action_time": "2020-05-18T18:36:05.555Z", "user": 1, "content_type": 7, "object_id": "marko@marko.com", "object_repr": "Marko Cvijanovic", "action_flag": 1, "change_message": "[{\"added\": {}}]"}}, {"model": "admin.logentry", "pk": 8, "fields": {"action_time": "2020-05-19T09:45:15.425Z", "user": 1, "content_type": 15, "object_id": "1", "object_repr": "Mitar Perovic Marko 4", "action_flag": 1, "change_message": "[{\"added\": {}}]"}}, {"model": "admin.logentry", "pk": 9, "fields": {"action_time": "2020-05-19T09:46:12.818Z", "user": 1, "content_type": 14, "object_id": "1", "object_repr": "Mitar Perovic John Hopkins 5", "action_flag": 1, "change_message": "[{\"added\": {}}]"}}, {"model": "admin.logentry", "pk": 10, "fields": {"action_time": "2020-05-19T09:46:29.727Z", "user": 1, "content_type": 12, "object_id": "1", "object_repr": "Heart EKG Scanning", "action_flag": 1, "change_message": "[{\"added\": {}}]"}}, {"model": "admin.logentry", "pk": 11, "fields": {"action_time": "2020-05-19T09:46:43.863Z", "user": 1, "content_type": 12, "object_id": "2", "object_repr": "Lungs MR Scanning", "action_flag": 1, "change_message": "[{\"added\": {}}]"}}, {"model": "admin.logentry", "pk": 12, "fields": {"action_time": "2020-05-19T09:46:56.351Z", "user": 1, "content_type": 18, "object_id": "1", "object_repr": "220.0", "action_flag": 1, "change_message": "[{\"added\": {}}]"}}, {"model": "admin.logentry", "pk": 13, "fields": {"action_time": "2020-05-19T09:47:02.571Z", "user": 1, "content_type": 18, "object_id": "2", "object_repr": "160.0", "action_flag": 1, "change_message": "[{\"added\": {}}]"}}, {"model": "admin.logentry", "pk": 14, "fields": {"action_time": "2020-05-19T09:47:13.152Z", "user": 1, "content_type": 19, "object_id": "1", "object_repr": "Marko Cvijanovic Heart EKG Scanning", "action_flag": 1, "change_message": "[{\"added\": {}}]"}}, {"model": "admin.logentry", "pk": 15, "fields": {"action_time": "2020-05-19T09:52:20.444Z", "user": 1, "content_type": 10, "object_id": "1", "object_repr": "Marko Cvijanovic 0 08:00:00 16:00:00", "action_flag": 1, "change_message": "[{\"added\": {}}]"}}, {"model": "admin.logentry", "pk": 16, "fields": {"action_time": "2020-05-19T09:52:25.761Z", "user": 1, "content_type": 10, "object_id": "2", "object_repr": "Marko Cvijanovic 1 08:00:00 16:00:00", "action_flag": 1, "change_message": "[{\"added\": {}}]"}}, {"model": "admin.logentry", "pk": 17, "fields": {"action_time": "2020-05-19T09:52:32.058Z", "user": 1, "content_type": 10, "object_id": "3", "object_repr": "Marko Cvijanovic 2 08:00:00 16:00:00", "action_flag": 1, "change_message": "[{\"added\": {}}]"}}, {"model": "admin.logentry", "pk": 18, "fields": {"action_time": "2020-05-19T09:52:39.001Z", "user": 1, "content_type": 10, "object_id": "4", "object_repr": "Marko Cvijanovic 3 08:00:00 16:00:00", "action_flag": 1, "change_message": "[{\"added\": {}}]"}}, {"model": "admin.logentry", "pk": 19, "fields": {"action_time": "2020-05-19T09:52:46.138Z", "user": 1, "content_type": 10, "object_id": "5", "object_repr": "Marko Cvijanovic 4 08:00:00 16:00:00", "action_flag": 1, "change_message": "[{\"added\": {}}]"}}, {"model": "admin.logentry", "pk": 20, "fields": {"action_time": "2020-05-19T14:15:23.978Z", "user": 1, "content_type": 4, "object_id": "6", "object_repr": "mile", "action_flag": 1, "change_message": "[{\"added\": {}}]"}}, {"model": "admin.logentry", "pk": 21, "fields": {"action_time": "2020-05-19T14:15:52.229Z", "user": 1, "content_type": 7, "object_id": "mile@com.com", "object_repr": "Milutin Milanovic", "action_flag": 1, "change_message": "[{\"added\": {}}]"}}, {"model": "admin.logentry", "pk": 22, "fields": {"action_time": "2020-05-19T14:16:13.014Z", "user": 1, "content_type": 10, "object_id": "6", "object_repr": "Milutin Milanovic 1 08:00:00 16:00:00", "action_flag": 1, "change_message": "[{\"added\": {}}]"}}, {"model": "admin.logentry", "pk": 23, "fields": {"action_time": "2020-05-19T14:16:24.761Z", "user": 1, "content_type": 19, "object_id": "2", "object_repr": "Milutin Milanovic Heart EKG Scanning", "action_flag": 1, "change_message": "[{\"added\": {}}]"}}, {"model": "admin.logentry", "pk": 24, "fields": {"action_time": "2020-05-19T14:16:29.033Z", "user": 1, "content_type": 19, "object_id": "3", "object_repr": "Marko Cvijanovic Lungs MR Scanning", "action_flag": 1, "change_message": "[{\"added\": {}}]"}}, {"model": "admin.logentry", "pk": 25, "fields": {"action_time": "2020-05-19T16:17:02.231Z", "user": 1, "content_type": 13, "object_id": "2", "object_repr": "Medlins", "action_flag": 1, "change_message": "[{\"added\": {}}]"}}, {"model": "admin.logentry", "pk": 26, "fields": {"action_time": "2020-05-19T16:17:29.370Z", "user": 1, "content_type": 12, "object_id": "3", "object_repr": "Heart EKG Scanning", "action_flag": 1, "change_message": "[{\"added\": {}}]"}}, {"model": "admin.logentry", "pk": 27, "fields": {"action_time": "2020-05-19T16:18:09.000Z", "user": 1, "content_type": 18, "object_id": "3", "object_repr": "225.0", "action_flag": 1, "change_message": "[{\"added\": {}}]"}}, {"model": "admin.logentry", "pk": 28, "fields": {"action_time": "2020-05-19T16:36:26.315Z", "user": 1, "content_type": 18, "object_id": "3", "object_repr": "225.0", "action_flag": 2, "change_message": "[{\"changed\": {\"fields\": [\"AppointmentType\"]}}]"}}, {"model": "admin.logentry", "pk": 29, "fields": {"action_time": "2020-05-19T17:07:08.196Z", "user": 1, "content_type": 7, "object_id": "mile@com.com", "object_repr": "Milutin Milanovic", "action_flag": 2, "change_message": "[{\"changed\": {\"fields\": [\"EmployedAt\"]}}]"}}, {"model": "admin.logentry", "pk": 30, "fields": {"action_time": "2020-06-08T13:08:49.058Z", "user": 1, "content_type": 9, "object_id": "perovicmitar@gmail.com", "object_repr": "Milena Laketic", "action_flag": 3, "change_message": ""}}, {"model": "admin.logentry", "pk": 31, "fields": {"action_time": "2020-06-08T13:09:20.477Z", "user": 1, "content_type": 9, "object_id": "milenalolol23@gmail.com", "object_repr": "Milena Laketic", "action_flag": 1, "change_message": "[{\"added\": {}}]"}}, {"model": "admin.logentry", "pk": 32, "fields": {"action_time": "2020-06-08T13:09:46.078Z", "user": 1, "content_type": 7, "object_id": "marko@marko.com", "object_repr": "Marko Cvijanovic", "action_flag": 2, "change_message": "[{\"changed\": {\"fields\": [\"Address\", \"City\", \"Country\"]}}]"}}, {"model": "admin.logentry", "pk": 33, "fields": {"action_time": "2020-06-08T13:10:05.868Z", "user": 1, "content_type": 7, "object_id": "mile@com.com", "object_repr": "Milutin Milanovic", "action_flag": 2, "change_message": "[{\"changed\": {\"fields\": [\"Address\", \"City\"]}}]"}}, {"model": "admin.logentry", "pk": 34, "fields": {"action_time": "2020-06-08T13:10:31.193Z", "user": 1, "content_type": 10, "object_id": "6", "object_repr": "Milutin Milanovic 0 08:00:00 16:00:00", "action_flag": 2, "change_message": "[{\"changed\": {\"fields\": [\"Day\"]}}]"}}, {"model": "admin.logentry", "pk": 35, "fields": {"action_time": "2020-06-08T13:10:38.792Z", "user": 1, "content_type": 10, "object_id": "7", "object_repr": "Milutin Milanovic 1 08:00:00 16:00:00", "action_flag": 1, "change_message": "[{\"added\": {}}]"}}, {"model": "admin.logentry", "pk": 36, "fields": {"action_time": "2020-06-08T13:10:48.379Z", "user": 1, "content_type": 10, "object_id": "8", "object_repr": "Milutin Milanovic 2 08:00:00 14:00:00", "action_flag": 1, "change_message": "[{\"added\": {}}]"}}, {"model": "admin.logentry", "pk": 37, "fields": {"action_time": "2020-06-08T13:11:01.697Z", "user": 1, "content_type": 10, "object_id": "9", "object_repr": "Milutin Milanovic 3 09:00:00 18:00:00", "action_flag": 1, "change_message": "[{\"added\": {}}]"}}, {"model": "admin.logentry", "pk": 38, "fields": {"action_time": "2020-06-08T13:11:17.714Z", "user": 1, "content_type": 10, "object_id": "10", "object_repr": "Milutin Milanovic 4 08:00:00 16:00:00", "action_flag": 1, "change_message": "[{\"added\": {}}]"}}, {"model": "admin.logentry", "pk": 39, "fields": {"action_time": "2020-06-08T13:11:52.934Z", "user": 1, "content_type": 12, "object_id": "4", "object_repr": "Eye Pressure", "action_flag": 1, "change_message": "[{\"added\": {}}]"}}, {"model": "admin.logentry", "pk": 40, "fields": {"action_time": "2020-06-08T13:12:09.131Z", "user": 1, "content_type": 18, "object_id": "4", "object_repr": "55.0", "action_flag": 1, "change_message": "[{\"added\": {}}]"}}, {"model": "admin.logentry", "pk": 41, "fields": {"action_time": "2020-06-08T13:12:34.677Z", "user": 1, "content_type": 19, "object_id": "4", "object_repr": "Milutin Milanovic Eye Pressure", "action_flag": 1, "change_message": "[{\"added\": {}}]"}}, {"model": "admin.logentry", "pk": 42, "fields": {"action_time": "2020-06-08T13:14:07.423Z", "user": 1, "content_type": 17, "object_id": "1", "object_repr": "Avangard 13", "action_flag": 1, "change_message": "[{\"added\": {}}]"}}, {"model": "admin.logentry", "pk": 43, "fields": {"action_time": "2020-06-08T13:14:26.393Z", "user": 1, "content_type": 17, "object_id": "2", "object_repr": "The Great 1", "action_flag": 1, "change_message": "[{\"added\": {}}]"}}, {"model": "admin.logentry", "pk": 44, "fields": {"action_time": "2020-06-08T13:14:40.838Z", "user": 1, "content_type": 17, "object_id": "3", "object_repr": "Stoic Hall 5", "action_flag": 1, "change_message": "[{\"added\": {}}]"}}, {"model": "admin.logentry", "pk": 45, "fields": {"action_time": "2020-06-08T13:14:46.338Z", "user": 1, "content_type": 26, "object_id": "1", "object_repr": "Mitar Perovic Stoic Hall 5", "action_flag": 1, "change_message": "[{\"added\": {}}]"}}, {"model": "admin.logentry", "pk": 46, "fields": {"action_time": "2020-06-08T13:28:59.083Z", "user": 1, "content_type": 13, "object_id": "1", "object_repr": "John Hopkins", "action_flag": 2, "change_message": "[{\"changed\": {\"fields\": [\"Address\", \"City\"]}}]"}}, {"model": "admin.logentry", "pk": 47, "fields": {"action_time": "2020-06-08T13:29:18.765Z", "user": 1, "content_type": 13, "object_id": "2", "object_repr": "Medlins", "action_flag": 2, "change_message": "[{\"changed\": {\"fields\": [\"Address\", \"City\"]}}]"}}, {"model": "admin.logentry", "pk": 48, "fields": {"action_time": "2020-06-09T11:10:37.025Z", "user": 1, "content_type": 14, "object_id": "1", "object_repr": "Mitar Perovic John Hopkins 5", "action_flag": 3, "change_message": ""}}, {"model": "admin.logentry", "pk": 49, "fields": {"action_time": "2020-06-09T13:40:36.534Z", "user": 1, "content_type": 4, "object_id": "4", "object_repr": "marko", "action_flag": 2, "change_message": "[{\"changed\": {\"fields\": [\"Email address\"]}}]"}}, {"model": "admin.logentry", "pk": 50, "fields": {"action_time": "2020-06-09T13:41:38.820Z", "user": 1, "content_type": 4, "object_id": "3", "object_repr": "milena", "action_flag": 2, "change_message": "[{\"changed\": {\"fields\": [\"Email address\"]}}]"}}, {"model": "admin.logentry", "pk": 51, "fields": {"action_time": "2020-06-09T13:42:08.624Z", "user": 1, "content_type": 9, "object_id": "milenalolol23@gmail.com", "object_repr": "Milena Laketic", "action_flag": 3, "change_message": ""}}, {"model": "admin.logentry", "pk": 52, "fields": {"action_time": "2020-06-09T13:42:34.025Z", "user": 1, "content_type": 9, "object_id": "laketic.milena98@gmail.com", "object_repr": "Milena Laketic", "action_flag": 1, "change_message": "[{\"added\": {}}]"}}, {"model": "admin.logentry", "pk": 53, "fields": {"action_time": "2020-06-09T13:47:08.814Z", "user": 1, "content_type": 25, "object_id": "1", "object_repr": "marko False False", "action_flag": 1, "change_message": "[{\"added\": {}}]"}}, {"model": "admin.logentry", "pk": 54, "fields": {"action_time": "2020-06-09T13:49:23.348Z", "user": 1, "content_type": 25, "object_id": "2", "object_repr": "mile True True", "action_flag": 1, "change_message": "[{\"added\": {}}]"}}, {"model": "admin.logentry", "pk": 55, "fields": {"action_time": "2020-06-09T13:56:08.487Z", "user": 1, "content_type": 11, "object_id": "9", "object_repr": "John Hopkins - Heart EKG Scanning - 2020-06-27 : 12:00:00, Avangard 13", "action_flag": 1, "change_message": "[{\"added\": {}}]"}}, {"model": "admin.logentry", "pk": 56, "fields": {"action_time": "2020-06-09T13:56:21.545Z", "user": 1, "content_type": 11, "object_id": "9", "object_repr": "John Hopkins - Heart EKG Scanning - 2020-06-27 : 12:00:00, Avangard 13", "action_flag": 2, "change_message": "[]"}}, {"model": "admin.logentry", "pk": 57, "fields": {"action_time": "2020-06-09T13:56:58.901Z", "user": 1, "content_type": 11, "object_id": "10", "object_repr": "Medlins - Heart EKG Scanning - 2020-06-25 : 11:00:00, The Great 1", "action_flag": 1, "change_message": "[{\"added\": {}}]"}}, {"model": "admin.logentry", "pk": 58, "fields": {"action_time": "2020-06-09T13:57:23.676Z", "user": 1, "content_type": 4, "object_id": "2", "object_repr": "mitar", "action_flag": 2, "change_message": "[{\"changed\": {\"fields\": [\"Email address\"]}}]"}}, {"model": "admin.logentry", "pk": 59, "fields": {"action_time": "2020-06-09T15:11:38.613Z", "user": 1, "content_type": 4, "object_id": "2", "object_repr": "mitar", "action_flag": 2, "change_message": "[{\"changed\": {\"fields\": [\"password\"]}}]"}}, {"model": "admin.logentry", "pk": 60, "fields": {"action_time": "2020-06-09T15:19:39.792Z", "user": 1, "content_type": 18, "object_id": "4", "object_repr": "55.0", "action_flag": 2, "change_message": "[{\"changed\": {\"fields\": [\"Clinic\"]}}]"}}, {"model": "admin.logentry", "pk": 61, "fields": {"action_time": "2020-06-09T15:19:50.388Z", "user": 1, "content_type": 12, "object_id": "4", "object_repr": "Eye Pressure", "action_flag": 2, "change_message": "[{\"changed\": {\"fields\": [\"Clinic\"]}}]"}}, {"model": "admin.logentry", "pk": 62, "fields": {"action_time": "2020-06-09T15:30:59.570Z", "user": 1, "content_type": 16, "object_id": "1", "object_repr": "HealthCard object (1)", "action_flag": 1, "change_message": "[{\"added\": {}}]"}}, {"model": "admin.logentry", "pk": 63, "fields": {"action_time": "2020-06-09T15:34:46.166Z", "user": 1, "content_type": 29, "object_id": "1", "object_repr": "DiagnosisReport object (1)", "action_flag": 1, "change_message": "[{\"added\": {}}]"}}, {"model": "admin.logentry", "pk": 64, "fields": {"action_time": "2020-06-09T17:04:27.801Z", "user": 1, "content_type": 29, "object_id": "2", "object_repr": "DiagnosisReport object (2)", "action_flag": 1, "change_message": "[{\"added\": {}}]"}}, {"model": "admin.logentry", "pk": 65, "fields": {"action_time": "2020-06-09T21:42:42.127Z", "user": 1, "content_type": 4, "object_id": "4", "object_repr": "marko@marko.com", "action_flag": 2, "change_message": "[{\"changed\": {\"fields\": [\"Username\"]}}]"}}, {"model": "admin.logentry", "pk": 66, "fields": {"action_time": "2020-06-09T21:42:51.833Z", "user": 1, "content_type": 4, "object_id": "3", "object_repr": "laketic.milena98@gmail.com", "action_flag": 2, "change_message": "[{\"changed\": {\"fields\": [\"Username\"]}}]"}}, {"model": "admin.logentry", "pk": 67, "fields": {"action_time": "2020-06-09T21:43:03.784Z", "user": 1, "content_type": 4, "object_id": "2", "object_repr": "perovicmitar@gmail.com", "action_flag": 2, "change_message": "[{\"changed\": {\"fields\": [\"Username\"]}}]"}}, {"model": "users.patient", "pk": "perovicmitar@gmail.com", "fields": {"user": 2, "firstName": "Mitar", "lastName": "Perovic", "policyNumber": "2323", "password": "MRS12345", "address": "Iva Vizina", "city": "Podgorica", "country": "Montenegro", "phoneNumber": 68359074, "activation_link": "AS2321E#", "approved": true}}, {"model": "users.clinicadmin", "pk": "laketic.milena98@gmail.com", "fields": {"employedAt": 1, "user": 3, "firstName": "Milena", "lastName": "Laketic", "password": "MRS12345", "address": "Rumenacka 33", "city": "Ruma", "country": "Serbia", "phoneNumber": 2321321, "changedPass": false}}, {"model": "users.doctor", "pk": "marko@marko.com", "fields": {"employedAt": 1, "user": 4, "firstName": "Marko", "lastName": "Cvijanovic", "password": "MRS123545", "address": "Neznanka 2", "city": "Novi Sad", "country": "Serbia", "phoneNumber": 2321, "changedPass": false}}, {"model": "users.doctor", "pk": "mile@com.com", "fields": {"employedAt": 2, "user": 6, "firstName": "Milutin", "lastName": "Milanovic", "password": "MRS12345", "address": "Irwine 43", "city": "Kansas City", "country": "USA", "phoneNumber": 2312, "changedPass": false}}, {"model": "users.schedule", "pk": 1, "fields": {"employee": "marko@marko.com", "day": 0, "startTime": "08:00:00", "endTime": "16:00:00"}}, {"model": "users.schedule", "pk": 2, "fields": {"employee": "marko@marko.com", "day": 1, "startTime": "08:00:00", "endTime": "16:00:00"}}, {"model": "users.schedule", "pk": 3, "fields": {"employee": "marko@marko.com", "day": 2, "startTime": "08:00:00", "endTime": "16:00:00"}}, {"model": "users.schedule", "pk": 4, "fields": {"employee": "marko@marko.com", "day": 3, "startTime": "08:00:00", "endTime": "16:00:00"}}, {"model": "users.schedule", "pk": 5, "fields": {"employee": "marko@marko.com", "day": 4, "startTime": "08:00:00", "endTime": "16:00:00"}}, {"model": "users.schedule", "pk": 6, "fields": {"employee": "mile@com.com", "day": 0, "startTime": "08:00:00", "endTime": "16:00:00"}}, {"model": "users.schedule", "pk": 7, "fields": {"employee": "mile@com.com", "day": 1, "startTime": "08:00:00", "endTime": "16:00:00"}}, {"model": "users.schedule", "pk": 8, "fields": {"employee": "mile@com.com", "day": 2, "startTime": "08:00:00", "endTime": "14:00:00"}}, {"model": "users.schedule", "pk": 9, "fields": {"employee": "mile@com.com", "day": 3, "startTime": "09:00:00", "endTime": "18:00:00"}}, {"model": "users.schedule", "pk": 10, "fields": {"employee": "mile@com.com", "day": 4, "startTime": "08:00:00", "endTime": "16:00:00"}}, {"model": "clinics.clinic", "pk": 1, "fields": {"name": "John Hopkins", "address": "15208 West 119th Street", "city": "Olathe", "country": "United States", "description": "The first med clinic in USA!"}}, {"model": "clinics.clinic", "pk": 2, "fields": {"name": "Medlins", "address": "420 L Street", "city": "Anchorage, Alaska", "country": "United States", "description": "The most reliable clinic in Alaska! Try us out..."}}, {"model": "clinics.healthcard", "pk": 1, "fields": {"patient": "perovicmitar@gmail.com"}}, {"model": "clinics.diagnosisreport", "pk": 1, "fields": {"description": "Dihtonmoia placebula on the left eye.\r\nEye pressure is below the margin.\r\nEyesight: -0.65 L  -1.50 R", "type": "Eye Sight", "health_card": 1}}, {"model": "clinics.diagnosisreport", "pk": 2, "fields": {"description": "Osteoporys on the left knee. Should do the MR scan of the knee as soon as possible.", "type": "Knee Bone Checking", "health_card": 1}}, {"model": "clinics.operatingroom", "pk": 1, "fields": {"clinic": 1, "name": "Avangard", "number": 13}}, {"model": "clinics.operatingroom", "pk": 2, "fields": {"clinic": 2, "name": "The Great", "number": 1}}, {"model": "clinics.operatingroom", "pk": 3, "fields": {"clinic": 1, "name": "Stoic Hall", "number": 5}}, {"model": "clinics.appointmenttype", "pk": 1, "fields": {"typeName": "Heart EKG Scanning", "duration": 60, "clinic": 1}}, {"model": "clinics.appointmenttype", "pk": 2, "fields": {"typeName": "Lungs MR Scanning", "duration": 45, "clinic": 1}}, {"model": "clinics.appointmenttype", "pk": 3, "fields": {"typeName": "Heart EKG Scanning", "duration": 45, "clinic": 2}}, {"model": "clinics.appointmenttype", "pk": 4, "fields": {"typeName": "Eye Pressure", "duration": 30, "clinic": 2}}, {"model": "clinics.specialization", "pk": 1, "fields": {"typeOf": 1, "doctor": "marko@marko.com"}}, {"model": "clinics.specialization", "pk": 2, "fields": {"typeOf": 1, "doctor": "mile@com.com"}}, {"model": "clinics.specialization", "pk": 3, "fields": {"typeOf": 2, "doctor": "marko@marko.com"}}, {"model": "clinics.specialization", "pk": 4, "fields": {"typeOf": 4, "doctor": "mile@com.com"}}, {"model": "clinics.pricelist", "pk": 1, "fields": {"clinic": 1, "appointmentType": 1, "price": 220.0}}, {"model": "clinics.pricelist", "pk": 2, "fields": {"clinic": 1, "appointmentType": 2, "price": 160.0}}, {"model": "clinics.pricelist", "pk": 3, "fields": {"clinic": 2, "appointmentType": 3, "price": 225.0}}, {"model": "clinics.pricelist", "pk": 4, "fields": {"clinic": 2, "appointmentType": 4, "price": 55.0}}, {"model": "clinics.appointment", "pk": 1, "fields": {"clinic": 1, "date": "2020-05-19", "time": "08:00:00", "typeOf": 1, "discount": 0, "doctor": "marko@marko.com", "operatingRoom": null, "patient": "perovicmitar@gmail.com", "created": null}}, {"model": "clinics.appointment", "pk": 2, "fields": {"clinic": 1, "date": "2020-05-19", "time": "12:00:00", "typeOf": 1, "discount": 0, "doctor": "marko@marko.com", "operatingRoom": null, "patient": "perovicmitar@gmail.com", "created": null}}, {"model": "clinics.appointment", "pk": 3, "fields": {"clinic": 1, "date": "2020-05-19", "time": "11:15:00", "typeOf": 2, "discount": 0, "doctor": "marko@marko.com", "operatingRoom": null, "patient": "perovicmitar@gmail.com", "created": null}}, {"model": "clinics.appointment", "pk": 4, "fields": {"clinic": 1, "date": "2020-05-19", "time": "15:00:00", "typeOf": 1, "discount": 0, "doctor": "marko@marko.com", "operatingRoom": null, "patient": "perovicmitar@gmail.com", "created": null}}, {"model": "clinics.appointment", "pk": 5, "fields": {"clinic": 2, "date": "2020-05-19", "time": "11:00:00", "typeOf": 1, "discount": 0, "doctor": "mile@com.com", "operatingRoom": null, "patient": "perovicmitar@gmail.com", "created": null}}, {"model": "clinics.appointment", "pk": 6, "fields": {"clinic": 1, "date": "2020-05-22", "time": "11:00:00", "typeOf": 1, "discount": 0, "doctor": "marko@marko.com", "operatingRoom": null, "patient": "perovicmitar@gmail.com", "created": null}}, {"model": "clinics.appointment", "pk": 7, "fields": {"clinic": 1, "date": "2020-05-22", "time": "15:00:00", "typeOf": 1, "discount": 0, "doctor": "marko@marko.com", "operatingRoom": null, "patient": "perovicmitar@gmail.com", "created": null}}, {"model": "clinics.appointment", "pk": 8, "fields": {"clinic": 1, "date": "2020-06-09", "time": "10:15:00", "typeOf": 2, "discount": 0, "doctor": "marko@marko.com", "operatingRoom": null, "patient": "perovicmitar@gmail.com", "created": null}}, {"model": "clinics.appointment", "pk": 9, "fields": {"clinic": 1, "date": "2020-06-27", "time": "12:00:00", "typeOf": 1, "discount": 10, "doctor": "marko@marko.com", "operatingRoom": 1, "patient": null, "created": "2020-06-09"}}, {"model": "clinics.appointment", "pk": 10, "fields": {"clinic": 2, "date": "2020-06-25", "time": "11:00:00", "typeOf": 3, "discount": 0, "doctor": "mile@com.com", "operatingRoom": 2, "patient": null, "created": "2020-06-09"}}, {"model": "clinics.doctorrating", "pk": 1, "fields": {"doctor": "marko@marko.com", "patient": "perovicmitar@gmail.com", "rating": 4}}, {"model": "clinics.doctorrating", "pk": 2, "fields": {"doctor": "mile@com.com", "patient": "perovicmitar@gmail.com", "rating": 2}}, {"model": "clinics.clinicrating", "pk": 2, "fields": {"clinic": 2, "patient": "perovicmitar@gmail.com", "rating": 3}}, {"model": "clinics.clinicrating", "pk": 3, "fields": {"clinic": 1, "patient": "perovicmitar@gmail.com", "rating": 5}}, {"model": "clinics.holiday", "pk": 1, "fields": {"employee": 4, "startDate": "2020-07-16", "endDate": "2020-07-23", "approved": false, "resolved": false}}, {"model": "clinics.holiday", "pk": 2, "fields": {"employee": 6, "startDate": "2020-06-16", "endDate": "2020-06-30", "approved": true, "resolved": true}}, {"model": "clinics.operation", "pk": 1, "fields": {"clinic": 1, "date": "2020-06-08", "time": "13:15:00", "duration": 120, "operatingRoom": 3, "patient": "perovicmitar@gmail.com", "doctors": ["marko@marko.com", "mile@com.com"]}}]