[{"model": "users.patient", "pk": "perovicmitar@gmail.com", "fields": {"user": 2, "firstName": "Mitar", "lastName": "Perovic", "policyNumber": "2323", "password": "MRS12345", "address": "Iva Vizina", "city": "Podgorica", "country": "Montenegro", "phoneNumber": 68359074, "activation_link": "AS2321E#", "approved": true}}, {"model": "users.clinicadmin", "pk": "milenalolol23@gmail.com", "fields": {"employedAt": 1, "user": 3, "firstName": "Milena", "lastName": "Laketic", "password": "MRS12345", "address": "Rumenacka 33", "city": "Ruma", "country": "Srbija", "phoneNumber": 6523213, "changedPass": true}}, {"model": "users.doctor", "pk": "marko@marko.com", "fields": {"employedAt": 1, "user": 4, "firstName": "Marko", "lastName": "Cvijanovic", "password": "MRS123545", "address": "Neznanka 2", "city": "Novi Sad", "country": "Serbia", "phoneNumber": 2321, "changedPass": false}}, {"model": "users.doctor", "pk": "mile@com.com", "fields": {"employedAt": 2, "user": 6, "firstName": "Milutin", "lastName": "Milanovic", "password": "MRS12345", "address": "Irwine 43", "city": "Kansas City", "country": "USA", "phoneNumber": 2312, "changedPass": false}}, {"model": "users.schedule", "pk": 1, "fields": {"employee": "marko@marko.com", "day": 0, "startTime": "08:00:00", "endTime": "16:00:00"}}, {"model": "users.schedule", "pk": 2, "fields": {"employee": "marko@marko.com", "day": 1, "startTime": "08:00:00", "endTime": "16:00:00"}}, {"model": "users.schedule", "pk": 3, "fields": {"employee": "marko@marko.com", "day": 2, "startTime": "08:00:00", "endTime": "16:00:00"}}, {"model": "users.schedule", "pk": 4, "fields": {"employee": "marko@marko.com", "day": 3, "startTime": "08:00:00", "endTime": "16:00:00"}}, {"model": "users.schedule", "pk": 5, "fields": {"employee": "marko@marko.com", "day": 4, "startTime": "08:00:00", "endTime": "16:00:00"}}, {"model": "users.schedule", "pk": 6, "fields": {"employee": "mile@com.com", "day": 0, "startTime": "08:00:00", "endTime": "16:00:00"}}, {"model": "users.schedule", "pk": 7, "fields": {"employee": "mile@com.com", "day": 1, "startTime": "08:00:00", "endTime": "16:00:00"}}, {"model": "users.schedule", "pk": 8, "fields": {"employee": "mile@com.com", "day": 2, "startTime": "08:00:00", "endTime": "14:00:00"}}, {"model": "users.schedule", "pk": 9, "fields": {"employee": "mile@com.com", "day": 3, "startTime": "09:00:00", "endTime": "18:00:00"}}, {"model": "users.schedule", "pk": 10, "fields": {"employee": "mile@com.com", "day": 4, "startTime": "08:00:00", "endTime": "16:00:00"}}, {"model": "clinics.clinic", "pk": 1, "fields": {"name": "John Hopkins", "address": "15208 West 119th Street", "city": "Olathe", "country": "United States", "description": "The first med clinic in USA!"}}, {"model": "clinics.clinic", "pk": 2, "fields": {"name": "Medlins", "address": "420 L Street", "city": "Anchorage, Alaska", "country": "United States", "description": "The most reliable clinic in Alaska! Try us out..."}}, {"model": "clinics.operatingroom", "pk": 1, "fields": {"clinic": 1, "name": "Avangard", "number": 13}}, {"model": "clinics.operatingroom", "pk": 2, "fields": {"clinic": 2, "name": "The Great", "number": 1}}, {"model": "clinics.operatingroom", "pk": 3, "fields": {"clinic": 1, "name": "Stoic Hall", "number": 5}}, {"model": "clinics.appointmenttype", "pk": 1, "fields": {"typeName": "Heart EKG Scanning", "duration": 60, "clinic": 1}}, {"model": "clinics.appointmenttype", "pk": 2, "fields": {"typeName": "Lungs MR Scanning", "duration": 45, "clinic": 1}}, {"model": "clinics.appointmenttype", "pk": 3, "fields": {"typeName": "Heart EKG Scanning", "duration": 45, "clinic": 2}}, {"model": "clinics.appointmenttype", "pk": 4, "fields": {"typeName": "Eye Pressure", "duration": 30, "clinic": 1}}, {"model": "clinics.specialization", "pk": 1, "fields": {"typeOf": 1, "doctor": "marko@marko.com"}}, {"model": "clinics.specialization", "pk": 2, "fields": {"typeOf": 1, "doctor": "mile@com.com"}}, {"model": "clinics.specialization", "pk": 3, "fields": {"typeOf": 2, "doctor": "marko@marko.com"}}, {"model": "clinics.specialization", "pk": 4, "fields": {"typeOf": 4, "doctor": "mile@com.com"}}, {"model": "clinics.pricelist", "pk": 1, "fields": {"clinic": 1, "appointmentType": 1, "price": 220.0}}, {"model": "clinics.pricelist", "pk": 2, "fields": {"clinic": 1, "appointmentType": 2, "price": 160.0}}, {"model": "clinics.pricelist", "pk": 3, "fields": {"clinic": 2, "appointmentType": 3, "price": 225.0}}, {"model": "clinics.pricelist", "pk": 4, "fields": {"clinic": 1, "appointmentType": 4, "price": 55.0}}, {"model": "clinics.appointment", "pk": 1, "fields": {"clinic": 1, "date": "2020-05-19", "time": "08:00:00", "typeOf": 1, "discount": 0, "doctor": "marko@marko.com", "operatingRoom": null, "patient": "perovicmitar@gmail.com"}}, {"model": "clinics.appointment", "pk": 2, "fields": {"clinic": 1, "date": "2020-05-19", "time": "12:00:00", "typeOf": 1, "discount": 0, "doctor": "marko@marko.com", "operatingRoom": null, "patient": "perovicmitar@gmail.com"}}, {"model": "clinics.appointment", "pk": 3, "fields": {"clinic": 1, "date": "2020-05-19", "time": "11:15:00", "typeOf": 2, "discount": 0, "doctor": "marko@marko.com", "operatingRoom": null, "patient": "perovicmitar@gmail.com"}}, {"model": "clinics.appointment", "pk": 4, "fields": {"clinic": 1, "date": "2020-05-19", "time": "15:00:00", "typeOf": 1, "discount": 0, "doctor": "marko@marko.com", "operatingRoom": null, "patient": "perovicmitar@gmail.com"}}, {"model": "clinics.appointment", "pk": 5, "fields": {"clinic": 2, "date": "2020-05-19", "time": "11:00:00", "typeOf": 1, "discount": 0, "doctor": "mile@com.com", "operatingRoom": null, "patient": "perovicmitar@gmail.com"}}, {"model": "clinics.appointment", "pk": 6, "fields": {"clinic": 1, "date": "2020-05-22", "time": "11:00:00", "typeOf": 1, "discount": 0, "doctor": "marko@marko.com", "operatingRoom": null, "patient": "perovicmitar@gmail.com"}}, {"model": "clinics.appointment", "pk": 7, "fields": {"clinic": 1, "date": "2020-05-22", "time": "15:00:00", "typeOf": 1, "discount": 0, "doctor": "marko@marko.com", "operatingRoom": null, "patient": "perovicmitar@gmail.com"}}, {"model": "clinics.appointment", "pk": 8, "fields": {"clinic": 1, "date": "2020-06-09", "time": "10:15:00", "typeOf": 2, "discount": 0, "doctor": "marko@marko.com", "operatingRoom": null, "patient": "perovicmitar@gmail.com"}}, {"model": "clinics.doctorrating", "pk": 1, "fields": {"doctor": "marko@marko.com", "patient": "perovicmitar@gmail.com", "rating": 4}}, {"model": "clinics.clinicrating", "pk": 1, "fields": {"clinic": 1, "patient": "perovicmitar@gmail.com", "rating": 5}}, {"model": "clinics.operation", "pk": 1, "fields": {"clinic": 1, "date": "2020-06-08", "time": "13:15:00", "duration": 120, "operatingRoom": 3, "patient": "perovicmitar@gmail.com", "doctors": ["marko@marko.com", "mile@com.com"]}}]